{
  "mean_loss": 3.682615761756897,
  "ppl": 39.7502353467948,
  "n_prompts": 50
}