{
  "mean_loss": 4.037679018974305,
  "ppl": 56.694602884126475,
  "n_prompts": 50
}