{
  "mean_loss": 3.751355977058411,
  "ppl": 42.57877872062794,
  "n_prompts": 50
}